Rodada,GS1T,GF1T,GS2T,GF2T,Casa,PosseFla,FinaTotal,CAFla,CVFla,FinaAdvTotal,CAAdv,CVAdv
2025-R22,0,0,1,1,1,69,8,1,0,2,1,0
2025-R21,0,4,0,4,1,70,12,0,0,2,0,0
2025-R20,0,2,1,1,0,60,9,0,0,7,2,0
2025-R19,0,1,1,1,1,51,13,1,0,4,0,0
2025-R18,0,1,1,0,0,71,8,0,0,2,2,0
2025-R17,0,0,0,1,1,65,11,1,0,10,2,0
2025-R16,1,0,0,2,0,64,4,0,0,7,0,0
2025-R15,0,0,0,1,1,69,2,2,0,4,1,0
2025-R14,0,0,1,0,0,73,4,1,0,4,1,0
2025-R13,0,0,0,2,1,63,13,1,0,3,2,0
2025-R11,0,1,0,4,1,70,7,1,0,4,0,0
2025-R10,0,0,0,2,0,53,3,1,0,5,1,0
2025-R09,0,0,0,0,1,62,8,0,0,4,1,0
2025-R08,0,1,0,0,1,60,10,0,0,3,0,0
2025-R07,1,1,1,0,0,65,3,0,0,4,1,0
2025-R06,0,3,0,1,1,53,10,1,0,5,1,0
2025-R05,0,0,0,0,0,60,9,0,0,6,1,0
2025-R04,0,3,0,3,1,66,10,0,0,3,0,0
2025-R03,0,1,0,1,0,64,3,1,0,4,1,0
2025-R02,0,0,1,2,0,67,6,0,0,1,0,0
2025-R01,1,0,0,1,1,58,6,0,0,3,1,0
2024-R38,1,0,1,2,1,64,10,0,0,4,0,0
2024-R37,0,1,0,2,0,66,5,0,0,11,0,0
2024-R36,0,3,2,0,1,59,11,1,0,3,1,0
2024-R35,0,0,0,0,0,67,7,1,0,2,1,0
2024-R34,0,0,1,2,0,65,14,0,0,1,0,0
2024-R33,0,0,0,0,1,57,14,1,0,2,0,0
2024-R32,0,0,0,1,0,50,3,1,0,5,0,0
2024-R31,1,1,1,3,1,78,9,0,0,2,1,0
2024-R30,0,0,2,0,1,55,11,1,0,7,1,0
2024-R29,0,1,0,1,0,54,5,1,0,6,0,0
2024-R28,0,0,0,1,1,69,13,2,0,5,1,0
2024-R27,1,1,1,2,0,58,14,0,0,5,0,0
2024-R26,0,0,1,1,1,63,9,0,0,3,1,0
2024-R25,1,1,1,0,0,55,4,2,0,8,2,0
2024-R24,0,1,1,1,1,60,7,0,0,3,1,0
2024-R23,1,1,3,0,0,44,5,0,0,4,1,0
2024-R22,0,0,1,1,1,53,6,1,0,1,2,0
2024-R21,0,0,1,0,0,39,1,0,0,9,1,0
2024-R20,0,1,0,1,1,58,9,1,0,6,2,0
2024-R19,0,1,1,1,0,59,2,0,0,4,0,0
2024-R18,1,0,0,2,1,59,6,0,0,11,1,0
2024-R17,0,1,1,0,0,60,8,2,0,5,1,0
2024-R16,1,1,0,1,1,68,13,0,0,0,1,0
2024-R15,1,0,0,1,1,60,8,1,0,5,0,0
2024-R14,0,2,2,2,0,38,4,1,0,5,0,0
2024-R13,1,1,0,1,1,47,3,1,0,6,1,0
2024-R12,1,1,1,0,0,45,5,0,0,6,0,0
2024-R11,0,0,0,1,0,67,6,1,0,0,1,0
2024-R10,1,1,0,1,1,35,7,1,0,5,0,0
2024-R09,0,0,1,1,0,52,2,0,0,5,0,0
2024-R08,0,1,1,1,1,43,8,2,0,6,0,0
2024-R07,1,3,0,3,0,67,15,0,0,2,0,1
2024-R06,0,1,0,1,1,65,13,0,0,5,1,0
2024-R05,1,0,0,1,0,54,7,2,0,10,1,0
2024-R04,0,0,2,0,1,59,8,0,0,6,2,0
2024-R03,0,0,0,0,0,51,3,3,0,8,3,0
2024-R02,0,1,1,1,1,47,6,1,0,3,2,0
2024-R01,0,1,1,1,0,57,4,1,0,7,4,1
2023-R38,1,0,0,0,0,49,3,1,0,5,0,0
2023-R37,0,2,1,0,1,70,14,0,0,0,0,0
2023-R36,1,0,2,0,1,49,8,1,0,7,1,0
2023-R35,0,1,0,2,0,53,10,1,0,10,2,0
2023-R34,0,1,1,0,1,44,9,0,0,6,2,0
2023-R33,0,2,0,1,1,47,8,1,0,5,0,0
2023-R32,0,1,0,1,0,61,5,1,0,4,1,0
2023-R31,1,1,1,0,1,71,6,0,1,9,0,0
2023-R30,0,0,0,1,1,53,7,2,0,11,1,0
2023-R29,0,1,3,1,0,65,6,1,0,4,1,0
2023-R28,0,0,0,1,1,55,7,1,0,7,1,0
2023-R27,0,2,0,0,0,62,5,1,0,1,1,0
2023-R26,0,0,1,1,0,60,11,1,0,5,1,0
2023-R25,0,0,1,0,1,66,7,1,0,4,0,0
2023-R24,0,0,0,0,0,70,1,0,0,2,0,0
2023-R23,1,0,2,0,1,65,4,1,0,9,0,0
2023-R22,1,1,0,1,0,57,5,2,0,10,0,0
2023-R21,0,0,0,0,1,54,4,1,0,2,2,0
2023-R20,1,2,1,1,0,56,12,1,0,7,1,0
2023-R19,1,0,0,1,1,47,6,1,0,2,1,0
2023-R18,0,0,3,0,0,55,2,0,0,12,0,0
2023-R17,1,0,0,2,0,63,2,2,0,10,3,0
2023-R16,0,0,1,1,1,60,7,2,0,5,2,0
2023-R15,0,0,0,0,0,50,5,1,0,5,5,0
2023-R14,1,0,0,1,0,45,5,1,0,7,1,0
2023-R13,0,1,0,1,1,63,3,1,0,8,0,0
2023-R12,1,1,1,2,0,74,5,0,0,5,0,0
2023-R11,1,0,3,0,0,37,3,0,0,15,0,0
2023-R10,0,1,0,2,1,59,7,0,0,7,0,0
2023-R09,0,4,1,0,0,51,8,0,0,3,1,0
2023-R08,1,1,0,0,1,66,8,0,0,7,2,0
2023-R07,0,0,0,1,1,67,5,0,0,6,0,0
2023-R06,1,3,1,0,0,40,9,0,0,10,2,0
2023-R05,0,1,0,1,1,53,8,0,0,5,1,0
2023-R04,1,1,1,0,0,59,2,1,0,4,0,0
2023-R03,2,0,1,2,1,71,8,0,0,7,0,0
2023-R02,0,0,2,1,0,65,5,0,0,10,2,0
2023-R01,0,1,0,2,1,59,10,1,0,6,2,0
2022-R38,1,1,1,0,1,65,7,0,0,9,1,0
2022-R37,2,1,0,1,0,55,5,2,0,6,3,0
2022-R36,0,0,1,0,0,65,5,1,0,6,1,0
2022-R35,1,0,1,1,1,50,7,0,0,5,0,0
2022-R34,0,1,2,2,1,55,10,0,0,3,1,0
2022-R33,1,2,0,0,0,60,7,0,0,5,0,0
2022-R32,0,1,0,0,1,52,6,2,0,2,0,0
2022-R31,0,0,1,2,0,55,6,1,0,9,2,0
2022-R30,0,0,0,0,0,63,10,1,0,9,0,0
2022-R29,0,1,1,3,1,75,12,1,0,4,0,1
2022-R28,1,2,2,0,0,77,4,0,0,6,2,0
2022-R27,1,0,1,1,1,46,7,0,0,6,1,0
2022-R26,0,0,1,1,0,73,6,0,0,3,1,0
2022-R25,0,1,1,0,1,57,5,1,0,4,1,0
2022-R24,0,0,0,1,0,56,1,0,0,9,1,0
2022-R23,0,1,1,0,0,33,5,0,0,8,0,0
2022-R22,0,0,0,5,1,67,9,2,0,0,0,0
2022-R21,0,1,0,1,0,43,7,1,0,5,1,0
2022-R20,0,4,1,0,1,49,10,0,0,1,5,0
2022-R19,0,0,1,2,0,59,6,0,0,6,1,0
2022-R18,0,3,0,3,1,60,7,1,0,2,1,1
2022-R17,0,2,0,0,1,57,6,0,0,8,0,0
2022-R16,0,0,1,0,0,41,7,1,0,2,1,0
2022-R15,0,1,1,1,0,66,5,0,0,6,2,0
2022-R14,0,1,0,2,1,53,0,1,0,5,1,0
2022-R13,1,0,1,0,0,48,4,0,0,11,0,0
2022-R12,0,1,0,1,1,64,6,1,0,6,1,0
2022-R11,2,0,1,1,0,69,8,1,0,5,1,0
2022-R10,1,0,0,0,0,59,7,1,0,5,1,0
2022-R09,1,1,1,0,1,63,5,1,0,7,1,0
2022-R08,1,1,0,1,0,53,5,2,0,5,1,0
2022-R07,0,1,0,0,1,69,7,1,0,1,3,0
2022-R06,1,2,1,0,0,66,8,3,0,7,3,0
2022-R05,0,0,1,0,1,46,6,1,0,6,2,0
2022-R04,0,0,0,0,1,52,9,2,0,7,2,0
2022-R03,1,0,0,0,0,56,5,0,0,5,1,0
2022-R02,1,1,0,2,1,58,1,2,0,3,3,0
2022-R01,0,0,1,1,0,57,4,0,0,4,1,0
2021-R38,0,0,2,0,0,47,2,2,0,6,1,0
2021-R37,0,0,1,0,1,60,3,2,0,7,0,0
2021-R36,0,1,1,1,1,52,7,1,0,6,1,0
2021-R35,0,1,1,0,0,53,12,1,0,8,0,0
2021-R34,1,2,0,0,0,48,10,1,0,14,2,0
2021-R33,0,0,0,1,1,56,10,1,2,4,2,0
2021-R32,0,3,0,1,0,60,7,1,0,3,0,1
2021-R31,0,1,0,2,1,63,6,0,0,6,3,1
2021-R30,2,2,0,0,0,59,9,2,0,7,0,0
2021-R29,0,1,0,0,1,40,2,2,0,9,2,0
2021-R28,1,0,2,1,0,73,6,2,0,5,1,0
2021-R27,0,0,0,0,1,73,5,0,0,2,0,0
2021-R26,0,3,1,0,1,62,8,0,0,5,1,0
2021-R25,0,0,0,3,0,56,6,2,0,2,0,0
2021-R24,0,1,1,0,0,60,5,2,0,7,1,0
2021-R23,0,3,0,0,1,73,6,0,0,5,0,0
2021-R22,0,0,1,1,0,61,3,0,0,6,1,0
2021-R21,1,0,0,0,1,57,7,1,0,8,1,0
2021-R20,1,1,0,2,0,48,7,1,0,5,0,0
2021-R19,0,1,0,1,1,50,8,2,0,3,1,0
2021-R18,0,0,0,4,0,52,10,3,0,4,2,0
2021-R17,1,0,0,1,0,67,10,0,0,4,0,0
2021-R16,0,1,0,1,1,65,8,0,0,2,1,0
2021-R15,2,0,2,0,1,68,6,1,0,4,0,0
2021-R14,0,3,1,0,0,65,12,0,0,3,1,0
2021-R13,0,0,1,5,1,55,6,0,0,11,2,0
2021-R12,0,2,0,3,0,63,10,0,0,5,1,0
2021-R11,0,0,1,2,1,72,10,1,0,4,3,0
2021-R10,0,0,2,1,0,45,8,0,0,6,0,0
2021-R09,0,0,1,0,1,68,14,2,0,4,1,0
2021-R08,0,1,0,1,0,69,6,3,0,2,1,0
2021-R07,1,0,0,0,0,62,4,0,0,3,1,0
2021-R06,0,2,1,0,1,69,14,0,0,5,0,0
2021-R05,1,1,2,1,1,62,13,1,0,5,2,0
2021-R04,0,2,2,0,0,46,7,1,0,4,3,0
2021-R03,0,1,0,1,1,61,7,0,0,3,0,0
2021-R02,0,0,2,2,0,47,4,0,0,9,0,0
2021-R01,0,0,0,1,1,64,3,0,0,6,0,0
2020-R38,1,0,1,1,0,67,9,1,0,1,4,0
2020-R37,1,1,0,1,1,65,5,0,0,7,0,0
2020-R36,1,1,0,1,1,70,6,0,0,2,3,0
2020-R35,0,1,1,0,0,52,10,1,0,6,1,0
2020-R34,0,1,0,1,1,72,10,1,0,0,2,0
2020-R33,0,2,0,1,0,60,13,0,0,2,1,0
2020-R32,1,1,1,0,0,57,4,0,0,7,1,0
2020-R31,0,1,0,1,1,62,8,0,0,3,1,0
2020-R30,0,1,0,2,0,59,5,1,0,5,3,0
2020-R29,1,0,1,0,1,70,9,2,0,5,0,0
2020-R28,0,1,2,0,1,74,7,0,0,5,0,0
2020-R27,0,0,0,0,0,61,4,1,0,6,2,0
2020-R26,0,2,3,2,1,50,8,0,1,8,1,0
2020-R25,0,1,1,3,1,64,6,0,0,3,1,0
2020-R24,0,0,0,1,0,71,9,0,0,7,1,0
2020-R23,1,0,1,4,0,50,6,1,0,5,1,0
2020-R22,0,2,1,1,1,63,12,1,0,4,1,0
2020-R21,0,1,1,0,1,66,7,1,0,5,0,0
2020-R20,2,0,2,0,0,69,5,2,0,3,2,0
2020-R19,2,1,2,0,1,51,7,2,0,7,2,0
2020-R18,2,1,0,1,0,67,4,3,0,8,2,0
2020-R17,0,1,1,4,0,62,5,2,0,8,2,0
2020-R16,0,0,1,1,1,64,7,1,0,6,1,0
2020-R15,1,0,0,2,0,66,5,1,0,3,1,0
2020-R14,0,0,0,3,1,60,8,0,0,6,1,0
2020-R13,0,0,1,3,1,56,5,2,0,9,1,0
2020-R12,0,0,1,1,0,42,5,1,0,6,2,0
2020-R11,1,1,0,1,1,67,16,0,0,2,3,0
2020-R10,0,0,2,0,1,63,8,0,0,4,1,0
2020-R09,0,2,1,0,0,53,6,1,0,4,1,0
2020-R08,1,1,0,1,1,60,13,1,0,4,0,0
2020-R07,2,3,1,2,0,53,13,0,0,6,0,0
2020-R06,0,1,0,0,0,46,7,3,0,11,2,0
2020-R05,0,0,1,1,1,70,8,1,0,2,0,0
2020-R04,1,0,0,1,1,57,3,2,0,6,1,0
2020-R03,0,1,0,0,0,65,10,0,0,3,2,0
2020-R02,2,0,1,0,0,66,2,0,0,8,0,0
2020-R01,1,0,0,0,1,65,11,0,0,5,1,0
24-LI-J1,0,0,1,1,0,49,3,0,0,13,1,0
24-LI-J2,0,1,0,1,1,75,12,0,0,1,1,0
24-LI-J3,1,1,1,0,0,69,7,0,0,14,0,0
24-LI-J4,0,0,1,0,0,58,9,0,0,5,0,0
24-LI-J5,0,3,0,1,1,55,12,0,0,7,1,0
24-LI-J6,0,3,0,0,1,64,6,0,0,2,0,0
24-LI-OIT1,0,1,0,1,1,61,10,0,0,4,1,0
24-LI-OIT2,0,0,1,0,0,28,2,1,0,11,0,0
24-LI-QUA1,1,0,0,0,0,79,6,1,0,6,2,0
24-LI-QUA2,0,0,0,0,0,76,3,1,0,2,0,0
23-LI-J1,0,1,2,0,0,67,7,2,0,6,1,0
23-LI-J2,0,2,0,0,1,61,9,0,0,2,0,0
23-LI-J3,0,1,1,0,0,66,7,2,0,5,3,1
23-LI-J4,0,1,1,0,0,65,2,0,0,5,1,0
23-LI-J5,0,1,1,1,1,66,3,0,0,1,1,0
23-LI-J6,0,3,0,1,1,69,15,0,0,2,0,0
23-LI-OIT1,0,0,0,1,1,74,7,2,0,3,3,0
23-LI-OIT2,1,1,2,0,0,53,1,0,0,8,1,0
22-LI-J1,0,1,0,1,0,54,4,1,0,3,1,0
22-LI-J2,1,2,0,1,1,57,5,1,0,4,0,0
22-LI-J3,1,2,1,1,0,48,8,0,0,5,1,0
22-LI-J4,1,0,1,2,0,59,0,3,0,4,2,0
22-LI-J5,0,2,0,1,1,46,13,2,0,2,2,0
22-LI-J6,0,1,1,1,1,60,11,1,0,3,1,0
22-LI-OIT1,0,1,0,0,0,57,4,1,0,10,0,0
22-LI-OIT2,0,2,1,5,1,52,7,0,0,3,0,0
22-LI-QUA1,0,1,0,1,0,55,4,2,0,5,1,0
22-LI-QUA2,0,0,0,1,1,58,3,1,0,6,0,0
22-LI-SEM1,0,2,0,2,0,64,5,1,0,4,0,0
22-LI-SEM2,1,1,0,1,1,53,10,0,0,6,0,0
22-LI-FI,0,1,0,0,1,69,5,0,0,6,3,1
21-LI-J1,1,1,1,2,0,57,5,0,0,6,2,0
21-LI-J2,0,2,1,2,1,61,8,0,0,1,0,0
21-LI-J3,0,2,2,1,0,55,4,0,0,3,3,0
21-LI-J4,2,1,0,1,0,66,8,0,0,3,2,0
21-LI-J5,1,1,1,1,1,58,5,0,1,3,1,0
21-LI-J6,0,0,0,0,1,48,6,2,0,5,0,0
21-LI-OIT1,0,1,0,0,0,50,2,2,0,6,1,0
21-LI-OIT2,1,1,0,3,1,71,7,1,0,4,2,0
21-LI-QUA1,1,2,0,2,0,60,7,2,0,7,3,0
21-LI-QUA2,1,2,0,3,1,57,2,0,0,1,0,0
21-LI-SEM1,0,2,0,0,1,66,9,0,0,7,2,1
21-LI-SEM2,0,1,0,1,0,52,5,1,0,8,0,0
21-LI-FI,1,0,0,1,0,65,5,0,0,4,0,0
20-LI-J1,0,1,1,1,0,61,5,2,0,5,1,0
20-LI-J2,0,2,0,1,1,73,9,1,0,1,2,0
20-LI-J3,1,0,4,0,0,41,1,0,0,10,0,0
20-LI-J4,0,2,1,0,0,58,6,0,0,8,2,0
20-LI-J5,0,2,0,2,1,33,7,0,0,12,1,0
20-LI-J6,0,2,1,1,1,64,10,0,0,4,0,0
19-LI-J1,0,0,0,1,0,45,5,1,0,1,0,0
19-LI-J2,0,1,1,2,1,70,7,0,0,2,1,0
19-LI-J3,0,0,1,0,1,61,5,1,0,2,0,0
19-LI-J4,1,2,0,4,1,69,16,0,0,4,0,1
19-LI-J5,1,1,1,0,0,46,3,1,0,9,1,0
19-LI-J6,0,0,0,0,0,58,4,0,0,6,0,0
19-LI-OIT1,1,0,1,0,0,69,8,1,0,4,1,0
19-LI-OIT2,0,2,0,0,1,69,11,1,0,3,2,0
19-LI-QUA1,0,0,0,2,1,66,6,0,0,3,0,0
19-LI-QUA2,0,0,1,1,0,49,9,2,0,6,2,0
19-LI-SEM1,0,1,0,4,1,64,10,1,0,2,2,0
19-LI-SEM2,0,0,1,1,0,68,4,1,0,3,2,0
19-LI-FI,1,0,0,2,0,59,1,0,0,3,2,0
20-LI-OIT1,1,1,0,0,0,60,3,0,0,7,1,0
20-LI-OIT2,0,0,1,1,1,62,10,1,0,2,0,0
24-CB-R1,0,0,0,1,0,57,10,1,0,4,0,0
24-CB-R2,0,1,0,0,1,68,7,1,0,3,0,0
24-CB-OIT1,0,0,0,2,1,74,11,1,0,1,2,0
24-CB-OIT2,1,0,0,0,0,43,3,1,0,14,0,0
24-CB-QUA1,0,0,0,1,0,37,3,0,0,10,0,0
24-CB-QUA2,0,0,0,1,1,47,6,0,0,4,0,0
24-CB-SEM1,0,1,0,0,1,59,10,1,0,2,1,0
24-CB-SEM2,0,0,0,0,0,46,2,2,1,4,1,0
24-CB-FI1,0,2,1,1,1,50,8,0,0,4,0,0
24-CB-FI2,0,0,0,1,0,31,6,1,0,9,1,0
23-CB-R1,1,0,1,0,0,60,7,0,0,7,2,0
23-CB-R2,1,4,1,4,1,67,12,2,0,3,3,0
23-CB-OIT1,0,0,0,0,0,49,7,0,0,3,0,0
23-CB-OIT2,0,1,0,1,1,30,4,2,0,4,2,0
23-CB-QUA1,1,0,0,2,1,82,6,0,0,2,1,0
23-CB-QUA2,0,1,0,1,0,54,2,1,0,12,1,0
23-CB-SEM1,0,1,0,1,0,66,7,2,0,5,1,0
23-CB-SEM2,0,0,0,1,1,60,4,2,0,6,1,0
23-CB-FI1,1,0,0,0,1,39,0,2,0,4,1,0
23-CB-FI2,1,1,0,0,0,46,5,1,0,5,3,0
22-CB-R1,0,0,1,2,0,62,9,0,0,2,1,0
22-CB-R2,0,0,0,2,1,69,5,1,0,2,1,0
22-CB-OIT1,1,0,1,1,0,61,8,3,0,2,1,0
22-CB-OIT2,0,1,0,1,1,56,12,1,0,3,1,0
22-CB-QUA1,0,0,0,0,1,72,9,1,0,1,3,0
22-CB-QUA2,0,0,0,1,0,67,4,1,0,5,1,0
22-CB-SEM1,0,1,1,2,0,59,3,0,0,10,0,0
22-CB-SEM2,0,1,0,0,1,49,5,0,0,5,1,0
22-CB-FI1,0,0,0,0,0,60,7,1,0,9,1,0
22-CB-FI2,0,1,1,0,1,44,6,2,0,4,2,0
21-CB-R1,0,1,0,0,0,71,8,1,0,4,0,0
21-CB-R2,0,1,0,1,1,73,16,0,0,0,3,0
21-CB-OIT1,0,4,0,2,1,72,14,0,0,0,3,0
21-CB-OIT2,0,0,0,1,0,73,9,0,0,3,3,0
21-CB-QUA1,0,0,0,4,0,52,4,3,1,7,1,0
21-CB-QUA2,0,0,0,2,1,67,6,2,0,7,4,0
21-CB-SEM1,0,1,2,1,0,57,4,1,0,5,0,0
21-CB-SEM2,2,0,1,0,1,74,8,1,0,3,2,0
20-CB-OIT1,0,1,0,0,0,58,6,0,0,5,0,0
20-CB-OIT2,1,2,1,1,1,69,7,2,0,1,1,0
20-CB-QUA1,0,0,2,1,1,47,8,0,0,0,1,0
20-CB-QUA2,0,0,3,0,0,67,8,0,0,2,0,0
19-CB-OIT1,0,0,0,1,0,62,5,1,0,3,0,0
19-CB-OIT2,0,0,0,1,1,55,6,0,0,4,0,0
19-CB-QUA1,0,0,1,1,0,47,4,1,0,9,0,0
19-CB-QUA2,0,0,1,1,1,59,5,2,0,2,2,0
23-RC-1,0,0,1,0,0,62,4,2,0,13,2,0
23-RC-2,0,0,0,1,1,64,11,3,0,1,2,0
20-RC-1,1,0,1,2,0,48,5,1,0,5,2,0
20-RC-2,0,1,0,2,1,28,6,1,1,2,0,0
23-SP,2,1,2,2,0,54,5,2,0,9,1,0
22-SP,1,0,1,2,0,45,6,0,0,7,2,0
21-SP,1,2,1,0,1,54,9,1,0,10,2,0
20-SP,0,2,0,1,1,59,6,0,0,4,0,0
22-MUN-SEM,2,1,1,1,1,61,8,4,1,2,1,0
22-MUN-4L,1,1,1,3,0,54,4,1,0,7,1,0
19-MUN-SEM,1,0,0,3,1,56,4,2,0,6,2,0
19-MUN-FI,0,0,0,0,0,58,6,0,0,3,1,0
24-CA-R1,0,3,0,1,1,60,14,0,0,4,0,0
24-CA-R2,1,0,0,1,0,71,2,1,0,6,2,0
24-CA-R3,0,1,0,2,1,50,9,1,0,4,0,0
24-CA-R4,0,0,0,0,0,57,2,0,0,6,0,0
24-CA-R5,0,2,0,0,0,73,8,0,0,1,3,0
24-CA-R6,0,0,0,0,0,50,7,1,0,1,4,0
24-CA-R7,0,0,0,1,1,52,2,1,0,4,1,0
24-CA-R8,0,1,0,2,0,67,6,0,0,1,1,0
24-CA-R9,0,2,0,2,1,65,14,0,0,5,1,0
24-CA-R10,0,0,0,2,1,23,6,1,0,1,2,0
24-CA-R11,0,1,0,2,1,69,4,1,0,1,0,0
24-CA-SEM1,0,1,0,1,0,50,10,1,0,1,1,0
24-CA-SEM2,0,0,0,0,1,38,5,2,0,4,2,0
24-CA-FI1,0,1,0,2,0,65,7,1,0,1,2,0
24-CA-FI2,0,0,0,1,1,58,4,0,0,7,1,0
23-CA-R1,1,2,0,2,1,54,7,0,0,3,0,0
23-CA-R2,0,0,0,0,0,66,5,0,0,4,1,0
23-CA-R3,0,2,0,3,1,59,11,0,0,3,2,1
23-CA-R4,1,0,0,1,0,45,4,1,0,3,1,0
23-CA-R5,0,0,0,1,1,48,1,0,0,4,1,0
23-CA-R6,0,0,0,1,1,55,12,0,0,2,0,0
23-CA-R7,0,0,0,2,0,59,3,1,0,1,1,0
23-CA-R8,1,0,0,3,0,54,6,2,0,2,2,0
23-CA-R9,0,1,0,0,0,44,6,2,0,5,2,0
23-CA-R10,0,0,0,1,1,57,10,1,0,1,2,0
23-CA-R11,0,1,2,0,1,51,4,1,0,4,1,0
23-CA-SEM1,1,2,1,1,1,66,10,1,0,4,2,0
23-CA-SEM2,1,1,0,2,0,56,8,2,0,7,2,0
23-CA-FI1,0,0,0,2,1,44,10,1,0,6,2,0
23-CA-FI2,2,0,2,1,0,34,3,1,0,7,1,0
22-CA-SEM1,0,1,0,0,0,68,5,2,0,0,0,0
22-CA-SEM2,0,0,0,1,1,60,6,0,0,6,1,0
22-CA-FI1,0,0,2,0,1,56,5,5,0,0,1,0
22-CA-FI2,1,1,0,0,0,41,6,2,0,8,1,0
21-CA-SEM1,0,0,0,3,0,65,10,1,0,2,2,0
21-CA-SEM2,0,3,1,1,1,61,9,1,0,6,2,0
21-CA-FI1,0,1,1,0,0,71,6,2,0,3,3,0
21-CA-FI2,0,2,1,1,1,74,8,1,0,0,2,0
20-CA-SEM1,0,2,2,1,0,61,7,1,0,1,2,0
20-CA-FI1,1,1,0,1,0,56,5,1,0,2,2,0
20-TR-SEM1,0,1,0,1,1,60,7,0,0,3,0,0
20-TR-F1,1,0,0,1,0,50,2,2,1,4,1,0
2019-R38,2,0,2,0,0,48,1,2,0,10,1,0
2019-R37,1,3,0,3,1,61,13,0,0,3,0,0
2019-R36,0,3,1,0,0,61,6,1,0,5,0,0
2019-R35,1,0,0,4,1,68,10,0,0,2,1,0
2019-R34,2,2,2,2,1,64,4,3,0,5,2,0
2019-R33,0,1,0,0,0,41,7,1,0,7,0,0
2019-R32,1,0,0,3,0,69,8,0,0,4,0,0
2019-R31,0,0,0,1,0,63,5,1,0,6,4,0
2019-R30,1,2,0,2,1,69,9,0,0,5,0,0
2019-R29,0,0,2,2,0,72,4,0,0,9,1,0
2019-R28,0,1,0,0,1,65,11,0,0,5,0,0
2019-R27,0,1,0,1,1,56,11,2,0,5,2,0
2019-R26,0,0,1,2,0,69,6,1,0,5,0,0
2019-R25,0,1,0,1,0,52,7,1,0,5,0,0
2019-R24,0,1,1,2,1,72,11,0,0,3,1,0
2019-R23,0,1,0,0,0,67,16,0,0,1,0,0
2019-R22,0,0,0,0,1,61,9,1,0,4,2,0
2019-R21,0,1,1,2,1,68,8,1,0,1,0,2
2019-R20,1,1,0,1,0,61,5,1,0,4,0,0
2019-R19,0,1,0,0,1,60,5,2,0,3,3,0
2019-R18,0,2,0,1,0,66,4,0,0,3,0,0
2019-R17,0,2,0,1,1,61,5,0,0,0,1,0
2019-R16,0,2,0,1,0,50,3,0,0,7,1,0
2019-R15,0,1,1,3,0,63,7,0,0,5,0,0
2019-R14,1,1,0,2,1,55,6,2,0,4,2,0
2019-R13,3,0,0,0,0,64,6,1,0,4,0,0
2019-R12,1,1,1,2,1,69,9,3,0,4,2,0
2019-R11,0,0,1,1,0,59,4,0,0,9,1,0
2019-R10,1,4,0,2,1,76,12,1,0,5,1,0
2019-R9,0,0,0,2,0,62,9,0,0,5,1,0
2019-R8,0,0,0,0,0,41,5,2,0,5,1,0
2019-R7,0,1,0,1,1,65,13,0,0,4,0,0
2019-R6,0,1,2,2,1,51,4,1,0,5,1,0
2019-R5,1,1,1,0,0,64,8,1,0,10,0,1
2019-R4,0,1,1,1,1,61,11,1,0,8,3,0
2019-R3,0,1,1,0,0,35,6,3,0,8,1,0
2019-R2,1,0,1,1,0,56,2,0,0,8,2,0
2019-R1,1,1,0,2,1,56,6,1,0,2,1,0